{"cosmetics": 567.1875, "fruit": 719.5592105263158, "no": 54.023809523809526, "tools": 825.4791666666666}