{"sum_price": 3181043.7460000003, "avg_price": 8985.999282485876, "min_price": 8.630000000000003, "max_price": 138869.0, "sum_quantity": 227188, "avg_quantity": 641.7740112994351, "min_quantity": 1, "max_quantity": 1933, "sum_views": 19242401, "avg_views": 54357.06497175141, "min_views": 1615, "max_views": 97753}