{"sum": 731609.0, "avr": 534.4112490869247, "sumMD": 18695.0, "avrMD": 505.27027027027026, "sumSD": 20947.0, "avrSD": 566.1351351351351, "max": 998.0, "min": 100.0}